Camido,645265236,squidoo.com,gbydaway0@feedburner.com,2,6,16
Tagchat,645265237,amazon.com,oblenkinsopp1@cocolog-nifty.com,22,3,24
Wordpedia,645265238,amazon.com,mfrensche2@tmall.com,15,2,24
Topiczoom,645265239,shinystat.com,sstimpson3@chron.com,5,7,5
Cogidoo,645265240,seattletimes.com,mtarborn4@berkeley.edu,20,7,23
Fatz,645265241,163.com,jklemmt5@washingtonpost.com,19,3,20
Skinder,645265242,patch.com,akew6@patch.com,12,2,6
Rhyzio,645265243,paypal.com,rpoppleton7@google.com,4,3,6
Meedoo,645265244,google.nl,dswinfen8@meetup.com,3,5,11
Linkbuzz,645265245,51.la,erouzet9@ehow.com,7,7,20
Skimia,645265246,shop-pro.jp,mmcgragha@marriott.com,15,6,12
Demivee,645265247,umn.edu,rfeldmusb@kickstarter.com,22,1,4
Babbleset,645265248,cyberchimps.com,lhavvockc@goo.ne.jp,21,2,19
Linkbuzz,645265249,disqus.com,ahewd@reuters.com,2,2,22
Dabjam,645265250,google.com,chabershawe@theatlantic.com,14,1,24
Teklist,645265251,w3.org,krandlesf@godaddy.com,9,2,19
Browsecat,645265252,go.com,aloughling@xing.com,25,4,9
Browsezoom,645265253,rambler.ru,gwoolleyh@chronoengine.com,9,2,19
Oyope,645265254,xrea.com,mllewelyni@wordpress.com,4,7,7
Edgeblab,645265255,simplemachines.org,lkorlatj@1und1.de,5,7,21
Skimia,645265256,cafepress.com,czanuttik@bloomberg.com,23,7,22
Tanoodle,645265257,washington.edu,mocriganel@seesaa.net,17,3,1
Meevee,645265258,mysql.com,atullym@macromedia.com,25,1,3
Kanoodle,645265259,scribd.com,bkeefen@joomla.org,14,1,10
Meembee,645265260,github.com,edurbyno@hp.com,22,4,22
Skaboo,645265261,51.la,fgomeryp@toplist.cz,1,3,12
Zoomlounge,645265262,abc.net.au,gspurdensq@purevolume.com,23,2,25
Youbridge,645265263,dyndns.org,ggrugerrr@ucoz.ru,21,3,19
Zoonoodle,645265264,studiopress.com,lvirgins@illinois.edu,24,1,13
Wordtune,645265265,army.mil,igeistt@opera.com,12,5,21
Photobug,645265266,ehow.com,cancliffu@liveinternet.ru,25,4,8
Yacero,645265267,wiley.com,egronavv@cbslocal.com,8,1,23
Edgeblab,645265268,elegantthemes.com,fwylamw@qq.com,8,7,3
Skiptube,645265269,slate.com,sblaydonx@etsy.com,10,2,20
Gigabox,645265270,cocolog-nifty.com,esabatesy@umn.edu,2,4,3
Plajo,645265271,discovery.com,btejadaz@sfgate.com,8,4,11
Jetpulse,645265272,ebay.co.uk,mkellick10@clickbank.net,20,4,22
Oba,645265273,adobe.com,ssomner11@chron.com,6,1,9
Zoomzone,645265274,dropbox.com,llangcaster12@home.pl,14,3,17
Fivebridge,645265275,slashdot.org,hbrusle13@fotki.com,15,2,8
Fiveclub,645265276,cbslocal.com,jdartan14@oakley.com,12,1,3
Jatri,645265277,mediafire.com,trupert15@imageshack.us,2,3,12
Zooveo,645265278,sakura.ne.jp,bsaxon16@webeden.co.uk,17,3,19
BlogXS,645265279,hao123.com,cburnup17@ftc.gov,9,6,13
Mudo,645265280,boston.com,rpevreal18@yandex.ru,22,6,23
Babbleblab,645265281,loc.gov,afoltin19@de.vu,19,6,9
Quinu,645265282,4shared.com,edomone1a@digg.com,25,1,18
JumpXS,645265283,apple.com,lcastellucci1b@typepad.com,18,1,4
Realcube,645265284,fema.gov,apollastro1c@nps.gov,15,6,15
Tagtune,645265285,diigo.com,bvelasquez1d@sphinn.com,4,7,25
