Arnes,43
Batea,43
Bot,43
Caseres,43
Corbera d'Ebre,43
Fatarella (La),43
Gandesa,43
Horta de Sant Joan,43
Pinell de Brai (El),43
Pobla de Massaluca (La),43
Prat de Comte,43
Vilalba dels Arcs,43
Ascó,35
Benissanet,35
Flix,35
Garcia,35
Ginestar,35
Miravet,35
Móra d'Ebre,35
Móra la Nova,35
Rasquera,35
Riba-roja d'Ebre,35
Tivissa,35
Torre de l'Espanyol (La),35
Vinebre,35
Alcanar,10
Aldea (L'),10
Aldover,10
Alfara de Carles,10
Ametlla de Mar (L'),10
Ampolla (L'),10
Amposta,10
Benifallet,10
Camarles,10
Deltebre,10
Freginals,10
Galera (La),10
Godall,10
Mas de Barberans,10
Masdenverge,10
Paüls,10
Perelló (El),10
Roquetes,10
Sant Carles de la Ràpita,10
Sant Jaume d'Enveja,10
Santa Bàrbara,10
Sénia (La),10
Tivenys,10
Tortosa,10
Ulldecona,10
Xerta,10
Arbolí,34
Bellmunt del Priorat,34
Bisbal de Falset (La),34
Cabacés,34
Capafonts,34
Capçanes,34
Cornudella de Montsant,34
Falset,34
Febró (La),34
Figuera (La),34
Gratallops,34
Guiamets (Els),34
Lloar (El),34
Marçà,34
Margalef,34
Masroig (El),34
Molar (El),34
Mont-ral,34
Morera de Montsant (La),34
Palma d'Ebre (La),34
Poboleda,34
Porrera,34
Pradell de la Teixeta,34
Prades,34
Torre de Fontaubella (La),34
Torroja del Priorat,34
Ulldemolins,34
Vilanova de Prades,34
Vilella Alta (La),34
Vilella Baixa (La),34
Barberà de la Conca,19
Blancafort,19
Espluga de Francolí (L'),19
Montblanc,19
Pira,19
Rocafort de Queralt,19
Sarral,19
Senan,19
Solivella,19
Vallclara,19
Vilaverd,19
Vimbodí,19
Conesa,37
Forès,37
Llorac,37
Passanant,37
Piles (Les),37
Pontils,37
Querol,37
Santa Coloma de Queralt,37
Savallà del Comtat,37
Vallfogona de Riucorb,37
Albiol (L'),9
Alcover,9
Aleixar (L'),9
Alforja,9
Alió,9
Almoster,9
Altafulla,9
Argentera (L'),9
Borges del Camp (Les),9
Botarell,9
Bràfim,9
Cabra del Camp,9
Cambrils,9
Castellvell del Camp,9
Catllar (El),9
Colldejou,9
Constantí,9
Duesaigües,9
Figuerola del Camp,9
Garidells (Els),9
Masllorenç,9
Masó (La),9
Maspujols,9
Milà (El),9
Montbrió del Camp,9
Montferri,9
Mont-roig del Camp,9
Morell (El),9
Nou de Gaià (La),9
Nulles,9
Pallaresos (Els),9
Perafort,9
Pla de Santa Maria (El),9
Pobla de Mafumet (La),9
Pobla de Montornès (La),9
Pont d'Armentera (El),9
Pratdip,9
Puigpelat,9
Renau,9
Reus,9
Riba (La),9
Riera de Gaià (La),9
Riudecanyes,9
Riudecols,9
Riudoms,9
Rodonyà,9
Rourell (El),9
Salomó,9
Salou,9
Secuita (La),9
Selva del Camp (La),9
Tarragona,9
Torredembarra,9
Vallmoll,9
Valls,9
Vandellòs i l'Hospitalet de l,9
Vespella de Gaià,9
Vilabella,9
Vilallonga del Camp,9
Vilanova d'Escornalbou,9
Vilaplana,9
Vila-rodona,9
Vila-seca,9
Vinyols i els Arcs,9
Aiguamúrcia,13
Albinyana,13
Arboç (L'),13
Banyeres del Penedès,13
Bellvei,13
Bisbal del Penedès (La),13
Bonastre,13
Calafell,13
Creixell,13
Cunit,13
Llorenç del Penedès,13
Montmell (El),13
Roda de Barà,13
Sant Jaume dels Domenys,13
Santa Oliva,13
Vendrell (El),13
